100
1	Jessica	SMITH	JSMITH	JSMITH3698	QUIMICA	Erin	SMITH	ESMITH@yahoo.com	834-582-6176
2	Ashley	JOHNSON	AJOHNSON	AJOHNSON6532	CIVIL	Alexandra	JOHNSON	AJOHNSON@gmail.com	215-713-1799
3	Amanda	WILLIAMS	AWILLIAMS	AWILLIAMS0137	CIVIL	Laura	WILLIAMS	LWILLIAMS@yahoo.com	909-812-5267
4	Sarah	JONES	SJONES	SJONES3081	FISICA	Christopher	JONES	CJONES@yahoo.com	900-484-0316
5	Jennifer	BROWN	JBROWN	JBROWN7178	FISICA	Benjamin	BROWN	BBROWN@yahoo.com	555-721-8194
6	Emily	DAVIS	EDAVIS	EDAVIS1656	FISICA	Jeremy	DAVIS	JDAVIS@gmail.com	544-306-5980
7	Samantha	MILLER	SMILLER	SMILLER2574	CIVIL	Jeremy	MILLER	JMILLER@icloud.com	257-508-7278
8	Elizabeth	WILSON	EWILSON	EWILSON0725	ELECTRONICA	Erin	WILSON	EWILSON@gmail.com	962-480-0215
9	Stephanie	MOORE	SMOORE	SMOORE9935	MECANICA	Jeffrey	MOORE	JMOORE@yahoo.com	243-557-8257
10	Lauren	TAYLOR	LTAYLOR	LTAYLOR6837	MECANICA	Michael	TAYLOR	MTAYLOR@outlook.com	478-258-8162
11	Nicole	ANDERSON	NANDERSON	NANDERSON9412	FISICA	Kelly	ANDERSON	KANDERSON@yahoo.com	827-188-3366
12	Brittany	THOMAS	BTHOMAS	BTHOMAS4121	MATEMATICA	Cody	THOMAS	CTHOMAS@hotmail.com	664-705-0969
13	Megan	JACKSON	MJACKSON	MJACKSON2229	ELECTRONICA	Timothy	JACKSON	TJACKSON@hotmail.com	659-232-5223
14	Rachel	WHITE	RWHITE	RWHITE1504	CIVIL	Steven	WHITE	SWHITE@icloud.com	884-585-1708
15	Hannah	HARRIS	HHARRIS	HHARRIS8700	QUIMICA	Alexis	HARRIS	AHARRIS@yahoo.com	464-042-2489
16	Kayla	MARTIN	KMARTIN	KMARTIN2665	CIVIL	Courtney	MARTIN	CMARTIN@hotmail.com	116-772-7055
17	Melissa	THOMPSON	MTHOMPSON	MTHOMPSON2663	FISICA	Richard	THOMPSON	RTHOMPSON@hotmail.com	103-788-1501
18	Amber	GARCIA	AGARCIA	AGARCIA1065	MATEMATICA	Melissa	GARCIA	MGARCIA@icloud.com	986-200-9416
19	Danielle	MARTINEZ	DMARTINEZ	DMARTINEZ8318	QUIMICA	Ashley	MARTINEZ	AMARTINEZ@gmail.com	439-768-2363
20	Taylor	ROBINSON	TROBINSON	TROBINSON8980	QUIMICA	Jasmine	ROBINSON	JROBINSON@gmail.com	865-551-3580
21	Rebecca	CLARK	RCLARK	RCLARK2489	QUIMICA	Brianna	CLARK	BCLARK@yahoo.com	287-542-5787
22	Heather	RODRIGUEZ	HRODRIGUEZ	HRODRIGUEZ8925	QUIMICA	Ashley	RODRIGUEZ	ARODRIGUEZ@icloud.com	629-121-8682
23	Alexis	LEWIS	ALEWIS	ALEWIS9850	ELECTRONICA	Alexandra	LEWIS	ALEWIS@hotmail.com	996-541-1311
24	Michelle	LEE	MLEE	MLEE0454	QUIMICA	Maria	LEE	MLEE@gmail.com	113-656-9944
25	Katherine	WALKER	KWALKER	KWALKER7880	FISICA	Sean	WALKER	SWALKER@gmail.com	935-343-5460
26	Tiffany	HALL	THALL	THALL8817	COMPUTACION	Eric	HALL	EHALL@hotmail.com	506-383-6317
27	Kimberly	ALLEN	KALLEN	KALLEN2287	QUIMICA	Melissa	ALLEN	MALLEN@icloud.com	549-187-6392
28	Victoria	YOUNG	VYOUNG	VYOUNG9958	QUIMICA	John	YOUNG	JYOUNG@gmail.com	644-401-3508
29	Alyssa	HERNANDEZ	AHERNANDEZ	AHERNANDEZ6729	QUIMICA	Nicole	HERNANDEZ	NHERNANDEZ@hotmail.com	178-118-3470
30	Christina	KING	CKING	CKING9989	MATEMATICA	Lauren	KING	LKING@outlook.com	313-166-3961
31	Courtney	WRIGHT	CWRIGHT	CWRIGHT1749	CIVIL	Richard	WRIGHT	RWRIGHT@outlook.com	953-130-0828
32	Madison	LOPEZ	MLOPEZ	MLOPEZ7509	COMPUTACION	Nicole	LOPEZ	NLOPEZ@yahoo.com	207-268-4605
33	Laura	HILL	LHILL	LHILL9611	COMPUTACION	Jose	HILL	JHILL@gmail.com	361-356-2167
34	Jasmine	SCOTT	JSCOTT	JSCOTT2274	ELECTRONICA	Danielle	SCOTT	DSCOTT@outlook.com	821-101-3072
35	Sara	GREEN	SGREEN	SGREEN0427	ELECTRONICA	Tiffany	GREEN	TGREEN@outlook.com	485-258-7822
36	Amy	ADAMS	AADAMS	AADAMS3627	ELECTRONICA	Samuel	ADAMS	SADAMS@yahoo.com	181-577-4644
37	Mary	BAKER	MBAKER	MBAKER2096	QUIMICA	Megan	BAKER	MBAKER@hotmail.com	989-466-7624
38	Anna	GONZALEZ	AGONZALEZ	AGONZALEZ5603	CIVIL	Jeffrey	GONZALEZ	JGONZALEZ@icloud.com	234-445-4929
39	Erin	NELSON	ENELSON	ENELSON4338	COMPUTACION	David	NELSON	DNELSON@yahoo.com	630-117-3734
40	Crystal	CARTER	CCARTER	CCARTER4238	CIVIL	Jennifer	CARTER	JCARTER@gmail.com	107-376-2777
41	Brianna	MITCHELL	BMITCHELL	BMITCHELL3947	COMPUTACION	Charles	MITCHELL	CMITCHELL@outlook.com	807-612-2880
42	Andrea	PEREZ	APEREZ	APEREZ0007	FISICA	Morgan	PEREZ	MPEREZ@hotmail.com	835-001-3500
43	Abigail	ROBERTS	AROBERTS	AROBERTS7358	FISICA	Amy	ROBERTS	AROBERTS@gmail.com	298-504-6683
44	Alexandra	TURNER	ATURNER	ATURNER2888	COMPUTACION	Tyler	TURNER	TTURNER@icloud.com	990-106-6535
45	Olivia	PHILLIPS	OPHILLIPS	OPHILLIPS3411	CIVIL	Mary	PHILLIPS	MPHILLIPS@gmail.com	846-383-9495
46	Allison	CAMPBELL	ACAMPBELL	ACAMPBELL1486	ELECTRONICA	Kevin	CAMPBELL	KCAMPBELL@icloud.com	605-657-6592
47	Morgan	PARKER	MPARKER	MPARKER6907	MECANICA	Dylan	PARKER	DPARKER@yahoo.com	677-144-6341
48	Emma	EVANS	EEVANS	EEVANS8210	COMPUTACION	Kelly	EVANS	KEVANS@hotmail.com	501-712-5838
49	Kelly	EDWARDS	KEDWARDS	KEDWARDS1684	MATEMATICA	Tiffany	EDWARDS	TEDWARDS@outlook.com	487-334-4082
50	Maria	COLLINS	MCOLLINS	MCOLLINS3123	COMPUTACION	Alexis	COLLINS	ACOLLINS@outlook.com	531-781-4077
51	Michael	STEWART	MSTEWART	MSTEWART9162	COMPUTACION	Ashley	STEWART	ASTEWART@icloud.com	701-644-3836
52	Christopher	SANCHEZ	CSANCHEZ	CSANCHEZ1847	MATEMATICA	Brianna	SANCHEZ	BSANCHEZ@hotmail.com	599-581-9901
53	Matthew	MORRIS	MMORRIS	MMORRIS2723	CIVIL	Jordan	MORRIS	JMORRIS@outlook.com	173-532-5388
54	Joshua	ROGERS	JROGERS	JROGERS3645	COMPUTACION	Richard	ROGERS	RROGERS@gmail.com	886-302-8326
55	Daniel	REED	DREED	DREED7176	MATEMATICA	Amy	REED	AREED@outlook.com	778-784-6233
56	David	COOK	DCOOK	DCOOK3001	MATEMATICA	Rebecca	COOK	RCOOK@gmail.com	934-017-5969
57	Andrew	MORGAN	AMORGAN	AMORGAN5251	COMPUTACION	Sara	MORGAN	SMORGAN@yahoo.com	369-468-7810
58	James	BELL	JBELL	JBELL2170	QUIMICA	Kevin	BELL	KBELL@gmail.com	550-077-7812
59	Joseph	MURPHY	JMURPHY	JMURPHY2172	QUIMICA	James	MURPHY	JMURPHY@gmail.com	407-152-0374
60	John	BAILEY	JBAILEY	JBAILEY9178	FISICA	Morgan	BAILEY	MBAILEY@hotmail.com	776-805-9536
61	Nicholas	RIVERA	NRIVERA	NRIVERA8525	COMPUTACION	Zachary	RIVERA	ZRIVERA@gmail.com	263-364-8607
62	Ryan	COOPER	RCOOPER	RCOOPER0031	COMPUTACION	Sean	COOPER	SCOOPER@icloud.com	701-837-3212
63	Jacob	RICHARDSON	JRICHARDSON	JRICHARDSON7987	CIVIL	Nathan	RICHARDSON	NRICHARDSON@gmail.com	491-716-8099
64	Brandon	COX	BCOX	BCOX4983	CIVIL	Stephen	COX	SCOX@hotmail.com	998-873-8921
65	Justin	HOWARD	JHOWARD	JHOWARD5423	CIVIL	Brian	HOWARD	BHOWARD@yahoo.com	693-263-3814
66	Robert	WARD	RWARD	RWARD2485	ELECTRONICA	Timothy	WARD	TWARD@gmail.com	468-656-4645
67	William	TORRES	WTORRES	WTORRES8959	ELECTRONICA	Christian	TORRES	CTORRES@icloud.com	107-068-1512
68	Anthony	PETERSON	APETERSON	APETERSON7434	MECANICA	Richard	PETERSON	RPETERSON@outlook.com	931-513-4162
69	Jonathan	GRAY	JGRAY	JGRAY5482	QUIMICA	Charles	GRAY	CGRAY@yahoo.com	322-574-7941
70	Tyler	RAMIREZ	TRAMIREZ	TRAMIREZ5354	MATEMATICA	Rebecca	RAMIREZ	RRAMIREZ@outlook.com	326-167-2493
71	Zachary	JAMES	ZJAMES	ZJAMES7348	ELECTRONICA	Sarah	JAMES	SJAMES@yahoo.com	927-534-8596
72	Kevin	WATSON	KWATSON	KWATSON1679	MECANICA	Jeremy	WATSON	JWATSON@gmail.com	735-507-4799
73	Kyle	BROOKS	KBROOKS	KBROOKS0764	QUIMICA	Laura	BROOKS	LBROOKS@gmail.com	729-864-4357
74	Thomas	KELLY	TKELLY	TKELLY1536	MATEMATICA	Patrick	KELLY	PKELLY@outlook.com	858-721-0785
75	Alexander	SANDERS	ASANDERS	ASANDERS2882	MECANICA	Jessica	SANDERS	JSANDERS@yahoo.com	990-415-7948
76	Jason	PRICE	JPRICE	JPRICE0278	ELECTRONICA	Jordan	PRICE	JPRICE@outlook.com	804-376-1131
77	Brian	BENNETT	BBENNETT	BBENNETT5712	MATEMATICA	Jessica	BENNETT	JBENNETT@icloud.com	238-871-8161
78	Eric	WOOD	EWOOD	EWOOD3680	FISICA	Tiffany	WOOD	TWOOD@hotmail.com	841-212-0196
79	Benjamin	BARNES	BBARNES	BBARNES9133	COMPUTACION	Brandon	BARNES	BBARNES@gmail.com	325-256-0508
80	Adam	ROSS	AROSS	AROSS3677	MATEMATICA	Anna	ROSS	AROSS@yahoo.com	829-546-9950
81	Steven	HENDERSON	SHENDERSON	SHENDERSON3220	FISICA	Jonathan	HENDERSON	JHENDERSON@icloud.com	647-540-6013
82	Austin	COLEMAN	ACOLEMAN	ACOLEMAN4879	CIVIL	Alexander	COLEMAN	ACOLEMAN@outlook.com	592-886-7411
83	Aaron	JENKINS	AJENKINS	AJENKINS5678	MECANICA	Thomas	JENKINS	TJENKINS@gmail.com	776-432-2464
84	Timothy	PERRY	TPERRY	TPERRY9110	COMPUTACION	James	PERRY	JPERRY@outlook.com	327-571-8515
85	Samuel	POWELL	SPOWELL	SPOWELL3967	QUIMICA	Madison	POWELL	MPOWELL@outlook.com	749-307-9859
86	Nathan	LONG	NLONG	NLONG2817	COMPUTACION	Amy	LONG	ALONG@icloud.com	894-125-4171
87	Jordan	PATTERSON	JPATTERSON	JPATTERSON7638	MATEMATICA	Danielle	PATTERSON	DPATTERSON@outlook.com	716-457-4008
88	Jose	HUGHES	JHUGHES	JHUGHES8676	QUIMICA	Nathan	HUGHES	NHUGHES@outlook.com	475-165-5618
89	Richard	FLORES	RFLORES	RFLORES2268	COMPUTACION	Kayla	FLORES	KFLORES@yahoo.com	490-080-3086
90	Cody	WASHINGTON	CWASHINGTON	CWASHINGTON5511	QUIMICA	Sara	WASHINGTON	SWASHINGTON@icloud.com	733-778-7048
91	Charles	BUTLER	CBUTLER	CBUTLER0225	ELECTRONICA	Laura	BUTLER	LBUTLER@yahoo.com	762-184-1911
92	Christian	SIMMONS	CSIMMONS	CSIMMONS0838	QUIMICA	Victoria	SIMMONS	VSIMMONS@icloud.com	209-102-9206
93	Sean	FOSTER	SFOSTER	SFOSTER6824	CIVIL	Sara	FOSTER	SFOSTER@hotmail.com	554-276-9630
94	Jeremy	GONZALES	JGONZALES	JGONZALES1314	MATEMATICA	Anna	GONZALES	AGONZALES@gmail.com	490-068-3483
95	Dylan	BRYANT	DBRYANT	DBRYANT2732	MECANICA	Brandon	BRYANT	BBRYANT@outlook.com	929-407-8341
96	Patrick	ALEXANDER	PALEXANDER	PALEXANDER7009	FISICA	Samuel	ALEXANDER	SALEXANDER@gmail.com	487-668-3559
97	Mark	RUSSELL	MRUSSELL	MRUSSELL3536	COMPUTACION	Kayla	RUSSELL	KRUSSELL@icloud.com	382-028-4121
98	Jeffrey	GRIFFIN	JGRIFFIN	JGRIFFIN9470	ELECTRONICA	Abigail	GRIFFIN	AGRIFFIN@gmail.com	418-147-6603
99	Stephen	DIAZ	SDIAZ	SDIAZ7416	ELECTRONICA	Andrea	DIAZ	ADIAZ@hotmail.com	953-547-8719
100	Ethan	HAYES	EHAYES	EHAYES2788	MECANICA	Kyle	HAYES	KHAYES@hotmail.com	287-363-2170